Math: Pre-K - 8th grade,Early math review,Counting,Counting,Counting with small numbers<!-- --> ,https://www.khanacademy.org/math/early-math/cc-early-math-counting-topic/cc-early-math-counting/v/counting-with-small-numbers?modal=1,Video
Math: Pre-K - 8th grade,Early math review,Counting,Counting,Count with small numbers,https://www.khanacademy.org/math/early-math/cc-early-math-counting-topic/cc-early-math-counting/e/counting-out-1-20-objects?modal=1,Website
Math: Pre-K - 8th grade,Early math review,Counting,Numbers 0 to 120,Number grid<!-- --> ,https://www.khanacademy.org/math/early-math/cc-early-math-counting-topic/cc-early-math-numbers-120/v/number-grid?modal=1,Video
Math: Pre-K - 8th grade,Early math review,Counting,Counting objects,Counting in pictures<!-- --> ,https://www.khanacademy.org/math/early-math/cc-early-math-counting-topic/cc-early-math-count-object-topic/v/counting-in-scenes?modal=1,Video
Math: Pre-K - 8th grade,Early math review,Counting,Comparing small numbers,Comparing numbers of objects<!-- --> ,https://www.khanacademy.org/math/early-math/cc-early-math-counting-topic/cc-early-math-comparing-numbers/v/comparing-groups-through-10-example?modal=1,Video
Math: Pre-K - 8th grade,Early math review,Counting,Counting,Counting with small numbers<!-- --> ,https://www.khanacademy.org/math/early-math/cc-early-math-counting-topic/cc-early-math-counting/v/counting-with-small-numbers?modal=1,Video
Math: Pre-K - 8th grade,Early math review,Counting,Counting,Count with small numbers,https://www.khanacademy.org/math/early-math/cc-early-math-counting-topic/cc-early-math-counting/e/counting-out-1-20-objects?modal=1,Website
Math: Pre-K - 8th grade,Early math review,Counting,Numbers 0 to 120,Number grid<!-- --> ,https://www.khanacademy.org/math/early-math/cc-early-math-counting-topic/cc-early-math-numbers-120/v/number-grid?modal=1,Video
Math: Pre-K - 8th grade,Early math review,Counting,Counting objects,Counting in pictures<!-- --> ,https://www.khanacademy.org/math/early-math/cc-early-math-counting-topic/cc-early-math-count-object-topic/v/counting-in-scenes?modal=1,Video
Math: Pre-K - 8th grade,Early math review,Counting,Comparing small numbers,Comparing numbers of objects<!-- --> ,https://www.khanacademy.org/math/early-math/cc-early-math-counting-topic/cc-early-math-comparing-numbers/v/comparing-groups-through-10-example?modal=1,Video
Math: Pre-K - 8th grade,Early math review,Counting,Counting,Counting with small numbers<!-- --> ,https://www.khanacademy.org/math/early-math/cc-early-math-counting-topic/cc-early-math-counting/v/counting-with-small-numbers?modal=1,Video
Math: Pre-K - 8th grade,Early math review,Counting,Counting,Count with small numbers,https://www.khanacademy.org/math/early-math/cc-early-math-counting-topic/cc-early-math-counting/e/counting-out-1-20-objects?modal=1,Website
Math: Pre-K - 8th grade,Early math review,Counting,Numbers 0 to 120,Number grid<!-- --> ,https://www.khanacademy.org/math/early-math/cc-early-math-counting-topic/cc-early-math-numbers-120/v/number-grid?modal=1,Video
Math: Pre-K - 8th grade,Early math review,Counting,Counting objects,Counting in pictures<!-- --> ,https://www.khanacademy.org/math/early-math/cc-early-math-counting-topic/cc-early-math-count-object-topic/v/counting-in-scenes?modal=1,Video
Math: Pre-K - 8th grade,Early math review,Counting,Comparing small numbers,Comparing numbers of objects<!-- --> ,https://www.khanacademy.org/math/early-math/cc-early-math-counting-topic/cc-early-math-comparing-numbers/v/comparing-groups-through-10-example?modal=1,Video
Math: Pre-K - 8th grade,Early math review,Addition and subtraction intro,What is addition? What is subtraction?,Intro to addition<!-- --> ,https://www.khanacademy.org/math/early-math/cc-early-math-add-sub-basics/cc-early-math-add-sub-intro/v/addition-introduction?modal=1,Video
Math: Pre-K - 8th grade,Early math review,Addition and subtraction intro,What is addition? What is subtraction?,Add within 5,https://www.khanacademy.org/math/early-math/cc-early-math-add-sub-basics/cc-early-math-add-sub-intro/e/addition_1?modal=1,Website
Math: Pre-K - 8th grade,Early math review,Addition and subtraction intro,Making 10,Getting to 10 by filling boxes<!-- --> ,https://www.khanacademy.org/math/early-math/cc-early-math-add-sub-basics/cc-early-math-make-10/v/getting-to-10-by-filling-boxes?modal=1,Video
Math: Pre-K - 8th grade,Early math review,Addition and subtraction intro,Put together, take apart,Add and subtract: pieces of fruit<!-- --> ,https://www.khanacademy.org/math/early-math/cc-early-math-add-sub-basics/cc-early-math-together-apart/v/adding-fruit?modal=1,Video
Math: Pre-K - 8th grade,Early math review,Addition and subtraction intro,Addition and subtraction word problems,Addition word problems within 10<!-- --> ,https://www.khanacademy.org/math/early-math/cc-early-math-add-sub-basics/cc-early-math-add-sub-word-problem-within-10/v/addition-word-problems-within-10?modal=1,Video
Math: Pre-K - 8th grade,Early math review,Addition and subtraction intro,What is addition? What is subtraction?,Intro to addition<!-- --> ,https://www.khanacademy.org/math/early-math/cc-early-math-add-sub-basics/cc-early-math-add-sub-intro/v/addition-introduction?modal=1,Video
Math: Pre-K - 8th grade,Early math review,Addition and subtraction intro,What is addition? What is subtraction?,Add within 5,https://www.khanacademy.org/math/early-math/cc-early-math-add-sub-basics/cc-early-math-add-sub-intro/e/addition_1?modal=1,Website
Math: Pre-K - 8th grade,Early math review,Addition and subtraction intro,Making 10,Getting to 10 by filling boxes<!-- --> ,https://www.khanacademy.org/math/early-math/cc-early-math-add-sub-basics/cc-early-math-make-10/v/getting-to-10-by-filling-boxes?modal=1,Video
Math: Pre-K - 8th grade,Early math review,Addition and subtraction intro,Put together, take apart,Add and subtract: pieces of fruit<!-- --> ,https://www.khanacademy.org/math/early-math/cc-early-math-add-sub-basics/cc-early-math-together-apart/v/adding-fruit?modal=1,Video
Math: Pre-K - 8th grade,Early math review,Addition and subtraction intro,Addition and subtraction word problems,Addition word problems within 10<!-- --> ,https://www.khanacademy.org/math/early-math/cc-early-math-add-sub-basics/cc-early-math-add-sub-word-problem-within-10/v/addition-word-problems-within-10?modal=1,Video
Math: Pre-K - 8th grade,Early math review,Place value (tens and hundreds),Teens,Teens as sums with 10<!-- --> ,https://www.khanacademy.org/math/early-math/cc-early-math-place-value-topic/cc-early-math-teens/v/teens-and-ten?modal=1,Video
Math: Pre-K - 8th grade,Early math review,Place value (tens and hundreds),Teens,Teen numbers,https://www.khanacademy.org/math/early-math/cc-early-math-place-value-topic/cc-early-math-teens/e/teen-numbers-1?modal=1,Website
Math: Pre-K - 8th grade,Early math review,Place value (tens and hundreds),Tens,Intro to place value<!-- --> ,https://www.khanacademy.org/math/early-math/cc-early-math-place-value-topic/cc-early-math-tens/v/place-value-introduction?modal=1,Video
Math: Pre-K - 8th grade,Early math review,Place value (tens and hundreds),Comparing 2-digit numbers,Greater than and less than symbols<!-- --> ,https://www.khanacademy.org/math/early-math/cc-early-math-place-value-topic/cc-early-math-two-digit-compare/v/greater-than-and-less-than-symbols?modal=1,Video
Math: Pre-K - 8th grade,Early math review,Place value (tens and hundreds),Teens,Teens as sums with 10<!-- --> ,https://www.khanacademy.org/math/early-math/cc-early-math-place-value-topic/cc-early-math-teens/v/teens-and-ten?modal=1,Video
Math: Pre-K - 8th grade,Early math review,Place value (tens and hundreds),Teens,Teen numbers,https://www.khanacademy.org/math/early-math/cc-early-math-place-value-topic/cc-early-math-teens/e/teen-numbers-1?modal=1,Website
Math: Pre-K - 8th grade,Early math review,Place value (tens and hundreds),Tens,Intro to place value<!-- --> ,https://www.khanacademy.org/math/early-math/cc-early-math-place-value-topic/cc-early-math-tens/v/place-value-introduction?modal=1,Video
Math: Pre-K - 8th grade,Early math review,Place value (tens and hundreds),Comparing 2-digit numbers,Greater than and less than symbols<!-- --> ,https://www.khanacademy.org/math/early-math/cc-early-math-place-value-topic/cc-early-math-two-digit-compare/v/greater-than-and-less-than-symbols?modal=1,Video
Math: Pre-K - 8th grade,Early math review,Addition and subtraction within 20,Addition within 20,Adding within 20 using place value blocks<!-- --> ,https://www.khanacademy.org/math/early-math/cc-early-math-add-sub-20/cc-early-math-add-20/v/adding-within-20-using-place-value-blocks?modal=1,Video
Math: Pre-K - 8th grade,Early math review,Addition and subtraction within 20,Addition within 20,Add within 20 visually,https://www.khanacademy.org/math/early-math/cc-early-math-add-sub-20/cc-early-math-add-20/e/add-within-20-visually?modal=1,Website
Math: Pre-K - 8th grade,Early math review,Addition and subtraction within 20,Subtraction within 20,Subtract within 20 using a number line<!-- --> ,https://www.khanacademy.org/math/early-math/cc-early-math-add-sub-20/cc-early-math-sub-20/v/subtract-within-20-using-a-number-line?modal=1,Video
Math: Pre-K - 8th grade,Early math review,Addition and subtraction within 20,Word problems within 20,Addition and subtraction word problems: superheroes<!-- --> ,https://www.khanacademy.org/math/early-math/cc-early-math-add-sub-20/cc-early-math-word-problems-within-20/v/sea-monsters-and-superheroes?modal=1,Video
Math: Pre-K - 8th grade,Early math review,Addition and subtraction within 20,Word problems with "more" and "fewer",Comparison word problems: marbles<!-- --> ,https://www.khanacademy.org/math/early-math/cc-early-math-add-sub-20/cc-early-math-word-problems-more-fewer-20/v/comparison-word-problems?modal=1,Video
Math: Pre-K - 8th grade,Early math review,Addition and subtraction within 20,Repeated addition,Adding with arrays<!-- --> ,https://www.khanacademy.org/math/early-math/cc-early-math-add-sub-20/cc-early-math-repeated-addition/v/adding-with-arrays?modal=1,Video
Math: Pre-K - 8th grade,Early math review,Addition and subtraction within 20,Addition within 20,Adding within 20 using place value blocks<!-- --> ,https://www.khanacademy.org/math/early-math/cc-early-math-add-sub-20/cc-early-math-add-20/v/adding-within-20-using-place-value-blocks?modal=1,Video
Math: Pre-K - 8th grade,Early math review,Addition and subtraction within 20,Addition within 20,Add within 20 visually,https://www.khanacademy.org/math/early-math/cc-early-math-add-sub-20/cc-early-math-add-20/e/add-within-20-visually?modal=1,Website
Math: Pre-K - 8th grade,Early math review,Addition and subtraction within 20,Subtraction within 20,Subtract within 20 using a number line<!-- --> ,https://www.khanacademy.org/math/early-math/cc-early-math-add-sub-20/cc-early-math-sub-20/v/subtract-within-20-using-a-number-line?modal=1,Video
Math: Pre-K - 8th grade,Early math review,Addition and subtraction within 20,Word problems within 20,Addition and subtraction word problems: superheroes<!-- --> ,https://www.khanacademy.org/math/early-math/cc-early-math-add-sub-20/cc-early-math-word-problems-within-20/v/sea-monsters-and-superheroes?modal=1,Video
Math: Pre-K - 8th grade,Early math review,Addition and subtraction within 20,Word problems with "more" and "fewer",Comparison word problems: marbles<!-- --> ,https://www.khanacademy.org/math/early-math/cc-early-math-add-sub-20/cc-early-math-word-problems-more-fewer-20/v/comparison-word-problems?modal=1,Video
Math: Pre-K - 8th grade,Early math review,Addition and subtraction within 20,Repeated addition,Adding with arrays<!-- --> ,https://www.khanacademy.org/math/early-math/cc-early-math-add-sub-20/cc-early-math-repeated-addition/v/adding-with-arrays?modal=1,Video
Math: Pre-K - 8th grade,Early math review,Addition and subtraction within 100,Skip-counting,Skip-counting by 5s<!-- --> ,https://www.khanacademy.org/math/early-math/cc-early-math-add-sub-100/cc-early-math-skip-counting/v/skip-counting-by-5-example?modal=1,Video
Math: Pre-K - 8th grade,Early math review,Addition and subtraction within 100,Skip-counting,Skip-count by 5s,https://www.khanacademy.org/math/early-math/cc-early-math-add-sub-100/cc-early-math-skip-counting/e/skip-counting-by-5s?modal=1,Website
Math: Pre-K - 8th grade,Early math review,Addition and subtraction within 100,Adding 1s and 10s,Adding 1 vs. adding 10<!-- --> ,https://www.khanacademy.org/math/early-math/cc-early-math-add-sub-100/cc-early-math-add-ones-tens/v/comparing-adding-1-and-10?modal=1,Video
Math: Pre-K - 8th grade,Early math review,Addition and subtraction within 100,Subtracting 1s and 10s,Subtracting 1 vs. subtracting 10<!-- --> ,https://www.khanacademy.org/math/early-math/cc-early-math-add-sub-100/cc-early-math-sub-ones-tens/v/comparing-subtracting-1-and-10?modal=1,Video
Math: Pre-K - 8th grade,Early math review,Addition and subtraction within 100,Intro to addition with 2-digit numbers,Adding 2-digit numbers without regrouping 1<!-- --> ,https://www.khanacademy.org/math/early-math/cc-early-math-add-sub-100/cc-early-math-add-two-dig-intro/v/adding-two-digit-numbers-no-regrouping?modal=1,Video
Math: Pre-K - 8th grade,Early math review,Addition and subtraction within 100,Intro to subtraction with 2-digit numbers,Subtracting 2-digit numbers without regrouping 1<!-- --> ,https://www.khanacademy.org/math/early-math/cc-early-math-add-sub-100/cc-early-math-sub-two-dig-intro/v/subtracting-2-digit-numbers-without-regrouping?modal=1,Video
Math: Pre-K - 8th grade,Early math review,Addition and subtraction within 100,Strategies for adding and subtracting within 100,Adding 53+17 by making a group of 10<!-- --> ,https://www.khanacademy.org/math/early-math/cc-early-math-add-sub-100/cc-early-math-strategies-for-adding-within-100/v/addition-using-groups-of-10-intro?modal=1,Video
Math: Pre-K - 8th grade,Early math review,Addition and subtraction within 100,Addition within 100,Adding 2-digit numbers without regrouping<!-- --> ,https://www.khanacademy.org/math/early-math/cc-early-math-add-sub-100/cc-early-math-add-subtract-100/v/adding-two-digit-numbers-without-regrouping?modal=1,Video
Math: Pre-K - 8th grade,Early math review,Addition and subtraction within 100,Subtraction within 100,Subtracting 2-digit numbers without regrouping 1<!-- --> ,https://www.khanacademy.org/math/early-math/cc-early-math-add-sub-100/subtraction-within-100/v/subtracting-2-digit-numbers-without-regrouping?modal=1,Video
Math: Pre-K - 8th grade,Early math review,Addition and subtraction within 100,Word problems within 100,Adding and subtracting on number line word problems<!-- --> ,https://www.khanacademy.org/math/early-math/cc-early-math-add-sub-100/cc-early-math-add-sub-100-word-problems/v/adding-and-subtracting-on-number-line-word-problems?modal=1,Video
Math: Pre-K - 8th grade,Early math review,Addition and subtraction within 100,Word problems with "more" and "fewer" (within 100),Addition word problem: starfish<!-- --> ,https://www.khanacademy.org/math/early-math/cc-early-math-add-sub-100/cc-early-math-more-fewer-100/v/starfish-rulers?modal=1,Video
Math: Pre-K - 8th grade,Early math review,Addition and subtraction within 100,Skip-counting,Skip-counting by 5s<!-- --> ,https://www.khanacademy.org/math/early-math/cc-early-math-add-sub-100/cc-early-math-skip-counting/v/skip-counting-by-5-example?modal=1,Video
Math: Pre-K - 8th grade,Early math review,Addition and subtraction within 100,Skip-counting,Skip-count by 5s,https://www.khanacademy.org/math/early-math/cc-early-math-add-sub-100/cc-early-math-skip-counting/e/skip-counting-by-5s?modal=1,Website
Math: Pre-K - 8th grade,Early math review,Addition and subtraction within 100,Adding 1s and 10s,Adding 1 vs. adding 10<!-- --> ,https://www.khanacademy.org/math/early-math/cc-early-math-add-sub-100/cc-early-math-add-ones-tens/v/comparing-adding-1-and-10?modal=1,Video
Math: Pre-K - 8th grade,Early math review,Addition and subtraction within 100,Subtracting 1s and 10s,Subtracting 1 vs. subtracting 10<!-- --> ,https://www.khanacademy.org/math/early-math/cc-early-math-add-sub-100/cc-early-math-sub-ones-tens/v/comparing-subtracting-1-and-10?modal=1,Video
Math: Pre-K - 8th grade,Early math review,Addition and subtraction within 100,Intro to addition with 2-digit numbers,Adding 2-digit numbers without regrouping 1<!-- --> ,https://www.khanacademy.org/math/early-math/cc-early-math-add-sub-100/cc-early-math-add-two-dig-intro/v/adding-two-digit-numbers-no-regrouping?modal=1,Video
Math: Pre-K - 8th grade,Early math review,Addition and subtraction within 100,Intro to subtraction with 2-digit numbers,Subtracting 2-digit numbers without regrouping 1<!-- --> ,https://www.khanacademy.org/math/early-math/cc-early-math-add-sub-100/cc-early-math-sub-two-dig-intro/v/subtracting-2-digit-numbers-without-regrouping?modal=1,Video
Math: Pre-K - 8th grade,Early math review,Addition and subtraction within 100,Strategies for adding and subtracting within 100,Adding 53+17 by making a group of 10<!-- --> ,https://www.khanacademy.org/math/early-math/cc-early-math-add-sub-100/cc-early-math-strategies-for-adding-within-100/v/addition-using-groups-of-10-intro?modal=1,Video
Math: Pre-K - 8th grade,Early math review,Addition and subtraction within 100,Addition within 100,Adding 2-digit numbers without regrouping<!-- --> ,https://www.khanacademy.org/math/early-math/cc-early-math-add-sub-100/cc-early-math-add-subtract-100/v/adding-two-digit-numbers-without-regrouping?modal=1,Video
Math: Pre-K - 8th grade,Early math review,Addition and subtraction within 100,Subtraction within 100,Subtracting 2-digit numbers without regrouping 1<!-- --> ,https://www.khanacademy.org/math/early-math/cc-early-math-add-sub-100/subtraction-within-100/v/subtracting-2-digit-numbers-without-regrouping?modal=1,Video
Math: Pre-K - 8th grade,Early math review,Addition and subtraction within 100,Word problems within 100,Adding and subtracting on number line word problems<!-- --> ,https://www.khanacademy.org/math/early-math/cc-early-math-add-sub-100/cc-early-math-add-sub-100-word-problems/v/adding-and-subtracting-on-number-line-word-problems?modal=1,Video
Math: Pre-K - 8th grade,Early math review,Addition and subtraction within 100,Word problems with "more" and "fewer" (within 100),Addition word problem: starfish<!-- --> ,https://www.khanacademy.org/math/early-math/cc-early-math-add-sub-100/cc-early-math-more-fewer-100/v/starfish-rulers?modal=1,Video
Math: Pre-K - 8th grade,Early math review,Addition and subtraction within 1000,Skip counting by 100s,Skip-counting by 100s,https://www.khanacademy.org/math/early-math/cc-early-math-add-sub-1000/skip-counting-by-100s/e/skip-counting-by-100s?modal=1,Website
Math: Pre-K - 8th grade,Early math review,Addition and subtraction within 1000,Adding 1s, 10s, and 100s,Adding 10 or 100<!-- --> ,https://www.khanacademy.org/math/early-math/cc-early-math-add-sub-1000/cc-early-math-add-ones-tens-hundreds/v/adding-ten-or-one-hundred?modal=1,Video
Math: Pre-K - 8th grade,Early math review,Addition and subtraction within 1000,Subtracting 1s, 10s, and 100s,Subtracting 1, 10, or 100<!-- --> ,https://www.khanacademy.org/math/early-math/cc-early-math-add-sub-1000/cc-early-math-sub-ones-tens-hundreds/v/subtracting-hundreds-and-tens?modal=1,Video
Math: Pre-K - 8th grade,Early math review,Addition and subtraction within 1000,Strategies for adding 2- and 3-digit numbers,Breaking apart 3-digit addition problems<!-- --> ,https://www.khanacademy.org/math/early-math/cc-early-math-add-sub-1000/cc-early-math-strategies-for-adding-two-and-three-digit-numbers/v/breaking-apart-three-digit-addition-problems?modal=1,Video
Math: Pre-K - 8th grade,Early math review,Addition and subtraction within 1000,Adding up to four 2-digit numbers,Adding four two digit numbers<!-- --> ,https://www.khanacademy.org/math/early-math/cc-early-math-add-sub-1000/xb5feb28c:adding-up-to-four-2-digit-numbers/v/adding-four-two-digit-numbers?modal=1,Video
Math: Pre-K - 8th grade,Early math review,Addition and subtraction within 1000,Skip counting by 100s,Skip-counting by 100s,https://www.khanacademy.org/math/early-math/cc-early-math-add-sub-1000/skip-counting-by-100s/e/skip-counting-by-100s?modal=1,Website
Math: Pre-K - 8th grade,Early math review,Addition and subtraction within 1000,Adding 1s, 10s, and 100s,Adding 10 or 100<!-- --> ,https://www.khanacademy.org/math/early-math/cc-early-math-add-sub-1000/cc-early-math-add-ones-tens-hundreds/v/adding-ten-or-one-hundred?modal=1,Video
Math: Pre-K - 8th grade,Early math review,Addition and subtraction within 1000,Subtracting 1s, 10s, and 100s,Subtracting 1, 10, or 100<!-- --> ,https://www.khanacademy.org/math/early-math/cc-early-math-add-sub-1000/cc-early-math-sub-ones-tens-hundreds/v/subtracting-hundreds-and-tens?modal=1,Video
Math: Pre-K - 8th grade,Early math review,Addition and subtraction within 1000,Strategies for adding 2- and 3-digit numbers,Breaking apart 3-digit addition problems<!-- --> ,https://www.khanacademy.org/math/early-math/cc-early-math-add-sub-1000/cc-early-math-strategies-for-adding-two-and-three-digit-numbers/v/breaking-apart-three-digit-addition-problems?modal=1,Video
Math: Pre-K - 8th grade,Early math review,Addition and subtraction within 1000,Adding up to four 2-digit numbers,Adding four two digit numbers<!-- --> ,https://www.khanacademy.org/math/early-math/cc-early-math-add-sub-1000/xb5feb28c:adding-up-to-four-2-digit-numbers/v/adding-four-two-digit-numbers?modal=1,Video
Math: Pre-K - 8th grade,Early math review,Measurement and data,Length and size,Compare size,https://www.khanacademy.org/math/early-math/cc-early-math-measure-data-topic/cc-early-math-length-intro/e/which-has-more-?modal=1,Website
Math: Pre-K - 8th grade,Early math review,Measurement and data,Measuring length,Getting a sense of meters and centimeters<!-- --> ,https://www.khanacademy.org/math/early-math/cc-early-math-measure-data-topic/cc-early-math-measuring-length/v/getting-a-sense-of-meters-and-centimeters?modal=1,Video
Math: Pre-K - 8th grade,Early math review,Measurement and data,Comparing and estimating length,Comparing lengths<!-- --> ,https://www.khanacademy.org/math/early-math/cc-early-math-measure-data-topic/cc-early-math-compare-estimate-length/v/comparing-lengths?modal=1,Video
Math: Pre-K - 8th grade,Early math review,Measurement and data,Length word problems,Length word problem example (US Customary)<!-- --> ,https://www.khanacademy.org/math/early-math/cc-early-math-measure-data-topic/cc-early-math-length-word-problems/v/length-word-problem-example-us-customary?modal=1,Video
Math: Pre-K - 8th grade,Early math review,Measurement and data,Picture graphs,Picture graphs<!-- --> ,https://www.khanacademy.org/math/early-math/cc-early-math-measure-data-topic/cc-early-picture-graphs/v/picture-graphs?modal=1,Video
Math: Pre-K - 8th grade,Early math review,Measurement and data,Bar graphs,Reading bar graphs: dog bones<!-- --> ,https://www.khanacademy.org/math/early-math/cc-early-math-measure-data-topic/cc-early-math-bar-graphs/v/reading-bar-graph-examples?modal=1,Video
Math: Pre-K - 8th grade,Early math review,Measurement and data,Line plots,Read line plots<!-- --> ,https://www.khanacademy.org/math/early-math/cc-early-math-measure-data-topic/cc-early-math-line-plots/v/introduction-to-line-plots?modal=1,Video
Math: Pre-K - 8th grade,Early math review,Measurement and data,Time,Time on a number line<!-- --> ,https://www.khanacademy.org/math/early-math/cc-early-math-measure-data-topic/cc-early-math-time/v/time-on-a-number-line?modal=1,Video
Math: Pre-K - 8th grade,Early math review,Measurement and data,Money,Counting dollars<!-- --> ,https://www.khanacademy.org/math/early-math/cc-early-math-measure-data-topic/cc-early-math-money/v/counting-dollars?modal=1,Video
Math: Pre-K - 8th grade,Early math review,Measurement and data,Length and size,Compare size,https://www.khanacademy.org/math/early-math/cc-early-math-measure-data-topic/cc-early-math-length-intro/e/which-has-more-?modal=1,Website
Math: Pre-K - 8th grade,Early math review,Measurement and data,Measuring length,Getting a sense of meters and centimeters<!-- --> ,https://www.khanacademy.org/math/early-math/cc-early-math-measure-data-topic/cc-early-math-measuring-length/v/getting-a-sense-of-meters-and-centimeters?modal=1,Video
Math: Pre-K - 8th grade,Early math review,Measurement and data,Comparing and estimating length,Comparing lengths<!-- --> ,https://www.khanacademy.org/math/early-math/cc-early-math-measure-data-topic/cc-early-math-compare-estimate-length/v/comparing-lengths?modal=1,Video
Math: Pre-K - 8th grade,Early math review,Measurement and data,Length word problems,Length word problem example (US Customary)<!-- --> ,https://www.khanacademy.org/math/early-math/cc-early-math-measure-data-topic/cc-early-math-length-word-problems/v/length-word-problem-example-us-customary?modal=1,Video
Math: Pre-K - 8th grade,Early math review,Measurement and data,Picture graphs,Picture graphs<!-- --> ,https://www.khanacademy.org/math/early-math/cc-early-math-measure-data-topic/cc-early-picture-graphs/v/picture-graphs?modal=1,Video
Math: Pre-K - 8th grade,Early math review,Measurement and data,Bar graphs,Reading bar graphs: dog bones<!-- --> ,https://www.khanacademy.org/math/early-math/cc-early-math-measure-data-topic/cc-early-math-bar-graphs/v/reading-bar-graph-examples?modal=1,Video
Math: Pre-K - 8th grade,Early math review,Measurement and data,Line plots,Read line plots<!-- --> ,https://www.khanacademy.org/math/early-math/cc-early-math-measure-data-topic/cc-early-math-line-plots/v/introduction-to-line-plots?modal=1,Video
Math: Pre-K - 8th grade,Early math review,Measurement and data,Time,Time on a number line<!-- --> ,https://www.khanacademy.org/math/early-math/cc-early-math-measure-data-topic/cc-early-math-time/v/time-on-a-number-line?modal=1,Video
Math: Pre-K - 8th grade,Early math review,Measurement and data,Money,Counting dollars<!-- --> ,https://www.khanacademy.org/math/early-math/cc-early-math-measure-data-topic/cc-early-math-money/v/counting-dollars?modal=1,Video
Math: Pre-K - 8th grade,Early math review,Geometry,Basic shapes,Cousin Fal's shape collection<!-- --> ,https://www.khanacademy.org/math/early-math/cc-early-math-geometry-topic/cc-early-math-shapes/v/sides-corners?modal=1,Video
Math: Pre-K - 8th grade,Early math review,Geometry,Basic shapes,Name shapes 1,https://www.khanacademy.org/math/early-math/cc-early-math-geometry-topic/cc-early-math-shapes/e/naming-shapes?modal=1,Website
Math: Pre-K - 8th grade,Early math review,Geometry,Properties of shapes,Cousin Fal's shape collection<!-- --> ,https://www.khanacademy.org/math/early-math/cc-early-math-geometry-topic/cc-early-math-properties-shapes/v/sides-corners?modal=1,Video
Math: Pre-K - 8th grade,Early math review,Geometry,Fractions of shapes,Halves and fourths<!-- --> ,https://www.khanacademy.org/math/early-math/cc-early-math-geometry-topic/cc-early-math-fractions-of-shapes/v/halves-and-fourths?modal=1,Video
Math: Pre-K - 8th grade,Early math review,Geometry,Basic shapes,Cousin Fal's shape collection<!-- --> ,https://www.khanacademy.org/math/early-math/cc-early-math-geometry-topic/cc-early-math-shapes/v/sides-corners?modal=1,Video
Math: Pre-K - 8th grade,Early math review,Geometry,Basic shapes,Name shapes 1,https://www.khanacademy.org/math/early-math/cc-early-math-geometry-topic/cc-early-math-shapes/e/naming-shapes?modal=1,Website
Math: Pre-K - 8th grade,Early math review,Geometry,Properties of shapes,Cousin Fal's shape collection<!-- --> ,https://www.khanacademy.org/math/early-math/cc-early-math-geometry-topic/cc-early-math-properties-shapes/v/sides-corners?modal=1,Video
Math: Pre-K - 8th grade,Early math review,Geometry,Fractions of shapes,Halves and fourths<!-- --> ,https://www.khanacademy.org/math/early-math/cc-early-math-geometry-topic/cc-early-math-fractions-of-shapes/v/halves-and-fourths?modal=1,Video
Math: Pre-K - 8th grade,2nd grade,Add and subtract within 20,Add within 20,Adding within 20 using place value blocks<!-- --> ,https://www.khanacademy.org/math/cc-2nd-grade-math/x3184e0ec:add-and-subtract-within-20/x3184e0ec:add-within-20/v/adding-within-20-using-place-value-blocks?modal=1,Video
Math: Pre-K - 8th grade,2nd grade,Add and subtract within 20,Add within 20,Add within 20 visually,https://www.khanacademy.org/math/cc-2nd-grade-math/x3184e0ec:add-and-subtract-within-20/x3184e0ec:add-within-20/e/add-within-20-visually?modal=1,Website
Math: Pre-K - 8th grade,2nd grade,Add and subtract within 20,Add using arrays,Adding with arrays<!-- --> ,https://www.khanacademy.org/math/cc-2nd-grade-math/x3184e0ec:add-and-subtract-within-20/cc-2nd-repeated-addition/v/adding-with-arrays?modal=1,Video
Math: Pre-K - 8th grade,2nd grade,Add and subtract within 20,Subtract within 20,Subtract within 20 using a number line<!-- --> ,https://www.khanacademy.org/math/cc-2nd-grade-math/x3184e0ec:add-and-subtract-within-20/x3184e0ec:subtract-within-20/v/subtract-within-20-using-a-number-line?modal=1,Video
Math: Pre-K - 8th grade,2nd grade,Add and subtract within 20,Add and subtract within 20,Adding within 20 using place value blocks<!-- --> ,https://www.khanacademy.org/math/cc-2nd-grade-math/x3184e0ec:add-and-subtract-within-20/x3184e0ec:untitled-177/v/adding-within-20-using-place-value-blocks?modal=1,Video
Math: Pre-K - 8th grade,2nd grade,Add and subtract within 20,Add within 20,Adding within 20 using place value blocks<!-- --> ,https://www.khanacademy.org/math/cc-2nd-grade-math/x3184e0ec:add-and-subtract-within-20/x3184e0ec:add-within-20/v/adding-within-20-using-place-value-blocks?modal=1,Video
Math: Pre-K - 8th grade,2nd grade,Add and subtract within 20,Add within 20,Add within 20 visually,https://www.khanacademy.org/math/cc-2nd-grade-math/x3184e0ec:add-and-subtract-within-20/x3184e0ec:add-within-20/e/add-within-20-visually?modal=1,Website
Math: Pre-K - 8th grade,2nd grade,Add and subtract within 20,Add using arrays,Adding with arrays<!-- --> ,https://www.khanacademy.org/math/cc-2nd-grade-math/x3184e0ec:add-and-subtract-within-20/cc-2nd-repeated-addition/v/adding-with-arrays?modal=1,Video
Math: Pre-K - 8th grade,2nd grade,Add and subtract within 20,Subtract within 20,Subtract within 20 using a number line<!-- --> ,https://www.khanacademy.org/math/cc-2nd-grade-math/x3184e0ec:add-and-subtract-within-20/x3184e0ec:subtract-within-20/v/subtract-within-20-using-a-number-line?modal=1,Video
Math: Pre-K - 8th grade,2nd grade,Add and subtract within 20,Add and subtract within 20,Adding within 20 using place value blocks<!-- --> ,https://www.khanacademy.org/math/cc-2nd-grade-math/x3184e0ec:add-and-subtract-within-20/x3184e0ec:untitled-177/v/adding-within-20-using-place-value-blocks?modal=1,Video
Math: Pre-K - 8th grade,2nd grade,Add and subtract within 20,Add within 20,Adding within 20 using place value blocks<!-- --> ,https://www.khanacademy.org/math/cc-2nd-grade-math/x3184e0ec:add-and-subtract-within-20/x3184e0ec:add-within-20/v/adding-within-20-using-place-value-blocks?modal=1,Video
Math: Pre-K - 8th grade,2nd grade,Add and subtract within 20,Add within 20,Add within 20 visually,https://www.khanacademy.org/math/cc-2nd-grade-math/x3184e0ec:add-and-subtract-within-20/x3184e0ec:add-within-20/e/add-within-20-visually?modal=1,Website
Math: Pre-K - 8th grade,2nd grade,Add and subtract within 20,Add using arrays,Adding with arrays<!-- --> ,https://www.khanacademy.org/math/cc-2nd-grade-math/x3184e0ec:add-and-subtract-within-20/cc-2nd-repeated-addition/v/adding-with-arrays?modal=1,Video
Math: Pre-K - 8th grade,2nd grade,Add and subtract within 20,Subtract within 20,Subtract within 20 using a number line<!-- --> ,https://www.khanacademy.org/math/cc-2nd-grade-math/x3184e0ec:add-and-subtract-within-20/x3184e0ec:subtract-within-20/v/subtract-within-20-using-a-number-line?modal=1,Video
Math: Pre-K - 8th grade,2nd grade,Add and subtract within 20,Add and subtract within 20,Adding within 20 using place value blocks<!-- --> ,https://www.khanacademy.org/math/cc-2nd-grade-math/x3184e0ec:add-and-subtract-within-20/x3184e0ec:untitled-177/v/adding-within-20-using-place-value-blocks?modal=1,Video
Math: Pre-K - 8th grade,2nd grade,Place value,Intro to place value,Intro to place value<!-- --> ,https://www.khanacademy.org/math/cc-2nd-grade-math/cc-2nd-place-value/x3184e0ec:intro-to-place-value/v/baseten-warmup?modal=1,Video
Math: Pre-K - 8th grade,2nd grade,Place value,Intro to place value,Place value blocks within 1,000,https://www.khanacademy.org/math/cc-2nd-grade-math/cc-2nd-place-value/x3184e0ec:intro-to-place-value/e/place-value-blocks-within-1000?modal=1,Website
Math: Pre-K - 8th grade,2nd grade,Place value,Numbers in standard, word, and expanded form,Expanded form of numbers<!-- --> ,https://www.khanacademy.org/math/cc-2nd-grade-math/cc-2nd-place-value/x3184e0ec:numbers-in-standard-word-and-expanded-form/v/expanded-form-of-numbers?modal=1,Video
Math: Pre-K - 8th grade,2nd grade,Place value,Comparing 2 and 3 digit numbers,Greater than and less than symbols<!-- --> ,https://www.khanacademy.org/math/cc-2nd-grade-math/cc-2nd-place-value/cc-2nd-three-digit-compare/v/greater-than-and-less-than-symbols?modal=1,Video
Math: Pre-K - 8th grade,2nd grade,Place value,Counting patterns within 1,000,Skip-counting by 5s<!-- --> ,https://www.khanacademy.org/math/cc-2nd-grade-math/cc-2nd-place-value/cc-2nd-skip-counting/v/skip-counting-by-5-example?modal=1,Video
Math: Pre-K - 8th grade,2nd grade,Place value,Intro to place value,Intro to place value<!-- --> ,https://www.khanacademy.org/math/cc-2nd-grade-math/cc-2nd-place-value/x3184e0ec:intro-to-place-value/v/baseten-warmup?modal=1,Video
Math: Pre-K - 8th grade,2nd grade,Place value,Intro to place value,Place value blocks within 1,000,https://www.khanacademy.org/math/cc-2nd-grade-math/cc-2nd-place-value/x3184e0ec:intro-to-place-value/e/place-value-blocks-within-1000?modal=1,Website
Math: Pre-K - 8th grade,2nd grade,Place value,Numbers in standard, word, and expanded form,Expanded form of numbers<!-- --> ,https://www.khanacademy.org/math/cc-2nd-grade-math/cc-2nd-place-value/x3184e0ec:numbers-in-standard-word-and-expanded-form/v/expanded-form-of-numbers?modal=1,Video
Math: Pre-K - 8th grade,2nd grade,Place value,Comparing 2 and 3 digit numbers,Greater than and less than symbols<!-- --> ,https://www.khanacademy.org/math/cc-2nd-grade-math/cc-2nd-place-value/cc-2nd-three-digit-compare/v/greater-than-and-less-than-symbols?modal=1,Video
Math: Pre-K - 8th grade,2nd grade,Place value,Counting patterns within 1,000,Skip-counting by 5s<!-- --> ,https://www.khanacademy.org/math/cc-2nd-grade-math/cc-2nd-place-value/cc-2nd-skip-counting/v/skip-counting-by-5-example?modal=1,Video
Math: Pre-K - 8th grade,2nd grade,Add and subtract within 100,Visually adding within 100,Adding 2-digit numbers without regrouping<!-- --> ,https://www.khanacademy.org/math/cc-2nd-grade-math/cc-2nd-add-subtract-100/cc-2nd-add-100/v/adding-two-digit-numbers-without-regrouping?modal=1,Video
Math: Pre-K - 8th grade,2nd grade,Add and subtract within 100,Visually adding within 100,Add within 100 using place value blocks,https://www.khanacademy.org/math/cc-2nd-grade-math/cc-2nd-add-subtract-100/cc-2nd-add-100/e/addition_3?modal=1,Website
Math: Pre-K - 8th grade,2nd grade,Add and subtract within 100,Strategies for adding within 100,Breaking apart 2-digit addition problems<!-- --> ,https://www.khanacademy.org/math/cc-2nd-grade-math/cc-2nd-add-subtract-100/cc-2nd-math-strategies-for-adding-within-100/v/breaking-apart-two-digit-addition-problems?modal=1,Video
Math: Pre-K - 8th grade,2nd grade,Add and subtract within 100,Visually subtract within 100,Subtracting 1s using place value<!-- --> ,https://www.khanacademy.org/math/cc-2nd-grade-math/cc-2nd-add-subtract-100/cc-2nd-sub-ones-tens/v/understanding-place-value-while-subtracting-ones?modal=1,Video
Math: Pre-K - 8th grade,2nd grade,Add and subtract within 100,Addition and subtraction within 100 word problems,Addition word problem: horses<!-- --> ,https://www.khanacademy.org/math/cc-2nd-grade-math/cc-2nd-add-subtract-100/cc-2nd-add-sub-100-word-problems/v/fence-posts-for-horses?modal=1,Video
Math: Pre-K - 8th grade,2nd grade,Add and subtract within 100,Addition and subtraction within 100 word problems (multi-step),Adding and subtracting on number line word problems<!-- --> ,https://www.khanacademy.org/math/cc-2nd-grade-math/cc-2nd-add-subtract-100/cc-2nd-more-fewer-100/v/adding-and-subtracting-on-number-line-word-problems?modal=1,Video
Math: Pre-K - 8th grade,2nd grade,Add and subtract within 100,Visually adding within 100,Adding 2-digit numbers without regrouping<!-- --> ,https://www.khanacademy.org/math/cc-2nd-grade-math/cc-2nd-add-subtract-100/cc-2nd-add-100/v/adding-two-digit-numbers-without-regrouping?modal=1,Video
Math: Pre-K - 8th grade,2nd grade,Add and subtract within 100,Visually adding within 100,Add within 100 using place value blocks,https://www.khanacademy.org/math/cc-2nd-grade-math/cc-2nd-add-subtract-100/cc-2nd-add-100/e/addition_3?modal=1,Website
Math: Pre-K - 8th grade,2nd grade,Add and subtract within 100,Strategies for adding within 100,Breaking apart 2-digit addition problems<!-- --> ,https://www.khanacademy.org/math/cc-2nd-grade-math/cc-2nd-add-subtract-100/cc-2nd-math-strategies-for-adding-within-100/v/breaking-apart-two-digit-addition-problems?modal=1,Video
Math: Pre-K - 8th grade,2nd grade,Add and subtract within 100,Visually subtract within 100,Subtracting 1s using place value<!-- --> ,https://www.khanacademy.org/math/cc-2nd-grade-math/cc-2nd-add-subtract-100/cc-2nd-sub-ones-tens/v/understanding-place-value-while-subtracting-ones?modal=1,Video
Math: Pre-K - 8th grade,2nd grade,Add and subtract within 100,Addition and subtraction within 100 word problems,Addition word problem: horses<!-- --> ,https://www.khanacademy.org/math/cc-2nd-grade-math/cc-2nd-add-subtract-100/cc-2nd-add-sub-100-word-problems/v/fence-posts-for-horses?modal=1,Video
Math: Pre-K - 8th grade,2nd grade,Add and subtract within 100,Addition and subtraction within 100 word problems (multi-step),Adding and subtracting on number line word problems<!-- --> ,https://www.khanacademy.org/math/cc-2nd-grade-math/cc-2nd-add-subtract-100/cc-2nd-more-fewer-100/v/adding-and-subtracting-on-number-line-word-problems?modal=1,Video
Math: Pre-K - 8th grade,2nd grade,Add and subtract within 1,000,Visually adding within 1,000,Adding 10 or 100<!-- --> ,https://www.khanacademy.org/math/cc-2nd-grade-math/cc-2nd-add-subtract-1000/cc-2nd-add-ones-tens-hundreds/v/adding-ten-or-one-hundred?modal=1,Video
Math: Pre-K - 8th grade,2nd grade,Add and subtract within 1,000,Visually adding within 1,000,Add within 1,000 using place value blocks,https://www.khanacademy.org/math/cc-2nd-grade-math/cc-2nd-add-subtract-1000/cc-2nd-add-ones-tens-hundreds/e/add-within-1000--level-2?modal=1,Website
Math: Pre-K - 8th grade,2nd grade,Add and subtract within 1,000,Strategies for adding within 1,000,Adding 3-digit numbers (no regrouping)<!-- --> ,https://www.khanacademy.org/math/cc-2nd-grade-math/cc-2nd-add-subtract-1000/cc-2nd-strategies-for-adding-two-and-three-digit-numbers/v/adding-three-digit-numbers-without-regrouping?modal=1,Video
Math: Pre-K - 8th grade,2nd grade,Add and subtract within 1,000,Strategies for subtracting within 1,000,Subtracting 1, 10, or 100<!-- --> ,https://www.khanacademy.org/math/cc-2nd-grade-math/cc-2nd-add-subtract-1000/cc-2nd-sub-ones-tens-hundreds/v/subtracting-hundreds-and-tens?modal=1,Video
Math: Pre-K - 8th grade,2nd grade,Add and subtract within 1,000,Adding up to four 2-digit numbers,Adding four two digit numbers<!-- --> ,https://www.khanacademy.org/math/cc-2nd-grade-math/cc-2nd-add-subtract-1000/x3184e0ec:adding-up-to-four-2-digit-numbers/v/adding-four-two-digit-numbers?modal=1,Video
Math: Pre-K - 8th grade,2nd grade,Money and time,Counting money,Counting American coins<!-- --> ,https://www.khanacademy.org/math/cc-2nd-grade-math/x3184e0ec:money-and-time/cc-2nd-money/v/counting-american-coins?modal=1,Video
Math: Pre-K - 8th grade,2nd grade,Money and time,Counting money,Identify the value of US coins and dollars,https://www.khanacademy.org/math/cc-2nd-grade-math/x3184e0ec:money-and-time/cc-2nd-money/e/identify-the-value-of-different-forms-of-money-us?modal=1,Website
Math: Pre-K - 8th grade,2nd grade,Money and time,Time,Time on a number line<!-- --> ,https://www.khanacademy.org/math/cc-2nd-grade-math/x3184e0ec:money-and-time/cc-2nd-time/v/time-on-a-number-line?modal=1,Video
Math: Pre-K - 8th grade,2nd grade,Money and time,Counting money,Counting American coins<!-- --> ,https://www.khanacademy.org/math/cc-2nd-grade-math/x3184e0ec:money-and-time/cc-2nd-money/v/counting-american-coins?modal=1,Video
Math: Pre-K - 8th grade,2nd grade,Money and time,Counting money,Identify the value of US coins and dollars,https://www.khanacademy.org/math/cc-2nd-grade-math/x3184e0ec:money-and-time/cc-2nd-money/e/identify-the-value-of-different-forms-of-money-us?modal=1,Website
Math: Pre-K - 8th grade,2nd grade,Money and time,Time,Time on a number line<!-- --> ,https://www.khanacademy.org/math/cc-2nd-grade-math/x3184e0ec:money-and-time/cc-2nd-time/v/time-on-a-number-line?modal=1,Video
Math: Pre-K - 8th grade,2nd grade,Measurement,Units of length,Getting a sense of meters and centimeters<!-- --> ,https://www.khanacademy.org/math/cc-2nd-grade-math/cc-2nd-measurement-data/x3184e0ec:units-of-length/v/getting-a-sense-of-meters-and-centimeters?modal=1,Video
Math: Pre-K - 8th grade,2nd grade,Measurement,Units of length,Units of length (cm, m),https://www.khanacademy.org/math/cc-2nd-grade-math/cc-2nd-measurement-data/x3184e0ec:units-of-length/e/units-of-length-cm-m?modal=1,Website
Math: Pre-K - 8th grade,2nd grade,Measurement,Measure lengths,Measuring in inches<!-- --> ,https://www.khanacademy.org/math/cc-2nd-grade-math/cc-2nd-measurement-data/cc-2nd-measuring-length/v/measuring-width-in-inches?modal=1,Video
Math: Pre-K - 8th grade,2nd grade,Measurement,Length word problems,Length word problem example (US Customary)<!-- --> ,https://www.khanacademy.org/math/cc-2nd-grade-math/cc-2nd-measurement-data/cc-2nd-length-word-problems/v/length-word-problem-example-us-customary?modal=1,Video
Math: Pre-K - 8th grade,2nd grade,Measurement,Units of length,Getting a sense of meters and centimeters<!-- --> ,https://www.khanacademy.org/math/cc-2nd-grade-math/cc-2nd-measurement-data/x3184e0ec:units-of-length/v/getting-a-sense-of-meters-and-centimeters?modal=1,Video
Math: Pre-K - 8th grade,2nd grade,Measurement,Units of length,Units of length (cm, m),https://www.khanacademy.org/math/cc-2nd-grade-math/cc-2nd-measurement-data/x3184e0ec:units-of-length/e/units-of-length-cm-m?modal=1,Website
Math: Pre-K - 8th grade,2nd grade,Measurement,Measure lengths,Measuring in inches<!-- --> ,https://www.khanacademy.org/math/cc-2nd-grade-math/cc-2nd-measurement-data/cc-2nd-measuring-length/v/measuring-width-in-inches?modal=1,Video
Math: Pre-K - 8th grade,2nd grade,Measurement,Length word problems,Length word problem example (US Customary)<!-- --> ,https://www.khanacademy.org/math/cc-2nd-grade-math/cc-2nd-measurement-data/cc-2nd-length-word-problems/v/length-word-problem-example-us-customary?modal=1,Video
Math: Pre-K - 8th grade,2nd grade,Data,Picture graphs,Making picture graphs and line plots<!-- --> ,https://www.khanacademy.org/math/cc-2nd-grade-math/x3184e0ec:data/cc-2nd-picture-graphs/v/making-line-plots?modal=1,Video
Math: Pre-K - 8th grade,2nd grade,Data,Picture graphs,Make picture graphs,https://www.khanacademy.org/math/cc-2nd-grade-math/x3184e0ec:data/cc-2nd-picture-graphs/e/make-picture-graphs-1?modal=1,Website
Math: Pre-K - 8th grade,2nd grade,Data,Bar graphs,Creating a bar graph<!-- --> ,https://www.khanacademy.org/math/cc-2nd-grade-math/x3184e0ec:data/cc-2nd-bar-graphs/v/creating-bar-charts-1?modal=1,Video
Math: Pre-K - 8th grade,2nd grade,Data,Line plots,Making picture graphs and line plots<!-- --> ,https://www.khanacademy.org/math/cc-2nd-grade-math/x3184e0ec:data/cc-2nd-line-plots/v/making-line-plots?modal=1,Video
Math: Pre-K - 8th grade,2nd grade,Data,Picture graphs,Making picture graphs and line plots<!-- --> ,https://www.khanacademy.org/math/cc-2nd-grade-math/x3184e0ec:data/cc-2nd-picture-graphs/v/making-line-plots?modal=1,Video
Math: Pre-K - 8th grade,2nd grade,Data,Picture graphs,Make picture graphs,https://www.khanacademy.org/math/cc-2nd-grade-math/x3184e0ec:data/cc-2nd-picture-graphs/e/make-picture-graphs-1?modal=1,Website
Math: Pre-K - 8th grade,2nd grade,Data,Bar graphs,Creating a bar graph<!-- --> ,https://www.khanacademy.org/math/cc-2nd-grade-math/x3184e0ec:data/cc-2nd-bar-graphs/v/creating-bar-charts-1?modal=1,Video
Math: Pre-K - 8th grade,2nd grade,Data,Line plots,Making picture graphs and line plots<!-- --> ,https://www.khanacademy.org/math/cc-2nd-grade-math/x3184e0ec:data/cc-2nd-line-plots/v/making-line-plots?modal=1,Video
Math: Pre-K - 8th grade,2nd grade,Geometry,Shapes,Recognizing shapes<!-- --> ,https://www.khanacademy.org/math/cc-2nd-grade-math/x3184e0ec:geometry/cc-2nd-shapes/v/recognizing-shapes?modal=1,Video
Math: Pre-K - 8th grade,2nd grade,Geometry,Shapes,Identify shapes,https://www.khanacademy.org/math/cc-2nd-grade-math/x3184e0ec:geometry/cc-2nd-shapes/e/recognizing-shapes?modal=1,Website
Math: Pre-K - 8th grade,2nd grade,Geometry,Partition rectangles,Equal parts of circles and rectangles<!-- --> ,https://www.khanacademy.org/math/cc-2nd-grade-math/x3184e0ec:geometry/x3184e0ec:partition-rectangles/v/equal-parts-of-circles-and-rectangles?modal=1,Video
Math: Pre-K - 8th grade,2nd grade,Geometry,Shapes,Recognizing shapes<!-- --> ,https://www.khanacademy.org/math/cc-2nd-grade-math/x3184e0ec:geometry/cc-2nd-shapes/v/recognizing-shapes?modal=1,Video
Math: Pre-K - 8th grade,2nd grade,Geometry,Shapes,Identify shapes,https://www.khanacademy.org/math/cc-2nd-grade-math/x3184e0ec:geometry/cc-2nd-shapes/e/recognizing-shapes?modal=1,Website
Math: Pre-K - 8th grade,2nd grade,Geometry,Partition rectangles,Equal parts of circles and rectangles<!-- --> ,https://www.khanacademy.org/math/cc-2nd-grade-math/x3184e0ec:geometry/x3184e0ec:partition-rectangles/v/equal-parts-of-circles-and-rectangles?modal=1,Video
Math: Pre-K - 8th grade,3rd grade,Intro to multiplication,Multiplication as equal groups,Equal groups<!-- --> ,https://www.khanacademy.org/math/cc-third-grade-math/intro-to-multiplication/imp-multiplication-intro/v/skip-counting-equal-groups?modal=1,Video
Math: Pre-K - 8th grade,3rd grade,Intro to multiplication,Multiplication as equal groups,Equal groups,https://www.khanacademy.org/math/cc-third-grade-math/intro-to-multiplication/imp-multiplication-intro/e/equal-groups?modal=1,Website
Math: Pre-K - 8th grade,3rd grade,Intro to multiplication,Multiplication as groups of objects,Multiplication as equal groups<!-- --> ,https://www.khanacademy.org/math/cc-third-grade-math/intro-to-multiplication/multiply-with-groups-of-objects/v/multiplication-intro?modal=1,Video
Math: Pre-K - 8th grade,3rd grade,Intro to multiplication,Multiplication as equal groups,Equal groups<!-- --> ,https://www.khanacademy.org/math/cc-third-grade-math/intro-to-multiplication/imp-multiplication-intro/v/skip-counting-equal-groups?modal=1,Video
Math: Pre-K - 8th grade,3rd grade,Intro to multiplication,Multiplication as equal groups,Equal groups,https://www.khanacademy.org/math/cc-third-grade-math/intro-to-multiplication/imp-multiplication-intro/e/equal-groups?modal=1,Website
Math: Pre-K - 8th grade,3rd grade,Intro to multiplication,Multiplication as groups of objects,Multiplication as equal groups<!-- --> ,https://www.khanacademy.org/math/cc-third-grade-math/intro-to-multiplication/multiply-with-groups-of-objects/v/multiplication-intro?modal=1,Video
Math: Pre-K - 8th grade,3rd grade,Intro to multiplication,Multiplication as equal groups,Equal groups<!-- --> ,https://www.khanacademy.org/math/cc-third-grade-math/intro-to-multiplication/imp-multiplication-intro/v/skip-counting-equal-groups?modal=1,Video
Math: Pre-K - 8th grade,3rd grade,Intro to multiplication,Multiplication as equal groups,Equal groups,https://www.khanacademy.org/math/cc-third-grade-math/intro-to-multiplication/imp-multiplication-intro/e/equal-groups?modal=1,Website
Math: Pre-K - 8th grade,3rd grade,Intro to multiplication,Multiplication as groups of objects,Multiplication as equal groups<!-- --> ,https://www.khanacademy.org/math/cc-third-grade-math/intro-to-multiplication/multiply-with-groups-of-objects/v/multiplication-intro?modal=1,Video
Math: Pre-K - 8th grade,3rd grade,1-digit multiplication,Multiply by 0 or 1,Multiply by 0 or 1,https://www.khanacademy.org/math/cc-third-grade-math/3rd-basic-multiplication/imp-multiplication-facts/e/multiplying-by-0-or-1?modal=1,Website
Math: Pre-K - 8th grade,3rd grade,1-digit multiplication,Distributive property,Distributive property when multiplying<!-- --> ,https://www.khanacademy.org/math/cc-third-grade-math/3rd-basic-multiplication/distributive-property/v/using-the-distributive-property-when-multiplying?modal=1,Video
Math: Pre-K - 8th grade,3rd grade,1-digit multiplication,Multiply by 0 or 1,Multiply by 0 or 1,https://www.khanacademy.org/math/cc-third-grade-math/3rd-basic-multiplication/imp-multiplication-facts/e/multiplying-by-0-or-1?modal=1,Website
Math: Pre-K - 8th grade,3rd grade,1-digit multiplication,Distributive property,Distributive property when multiplying<!-- --> ,https://www.khanacademy.org/math/cc-third-grade-math/3rd-basic-multiplication/distributive-property/v/using-the-distributive-property-when-multiplying?modal=1,Video
Math: Pre-K - 8th grade,3rd grade,Addition, subtraction, and estimation,Rounding to nearest 10 or 100,Rounding to the nearest 10 on the number line<!-- --> ,https://www.khanacademy.org/math/cc-third-grade-math/imp-addition-and-subtraction/imp-rounding/v/rounding-to-the-nearest-10-number-line?modal=1,Video
Math: Pre-K - 8th grade,3rd grade,Addition, subtraction, and estimation,Rounding to nearest 10 or 100,Round to nearest 10 or 100 on the number line,https://www.khanacademy.org/math/cc-third-grade-math/imp-addition-and-subtraction/imp-rounding/e/rounding-to-the-nearest-10-or-100-on-the-number-line?modal=1,Website
Math: Pre-K - 8th grade,3rd grade,Addition, subtraction, and estimation,Strategies for adding two and three-digit numbers,Breaking apart 3-digit addition problems<!-- --> ,https://www.khanacademy.org/math/cc-third-grade-math/imp-addition-and-subtraction/imp-strategies-for-adding-two-and-three-digit-numbers/v/breaking-apart-three-digit-addition-problems?modal=1,Video
Math: Pre-K - 8th grade,3rd grade,Addition, subtraction, and estimation,Adding with regrouping within 1000,Using place value to add 3-digit numbers: part 1<!-- --> ,https://www.khanacademy.org/math/cc-third-grade-math/imp-addition-and-subtraction/imp-adding-with-regrouping-within-1000/v/carrying-when-adding-three-digit-numbers?modal=1,Video
Math: Pre-K - 8th grade,3rd grade,Addition, subtraction, and estimation,Strategies for subtracting two and three-digit numbers,Subtraction by breaking apart<!-- --> ,https://www.khanacademy.org/math/cc-third-grade-math/imp-addition-and-subtraction/strategies-for-subtracting-two-and-three-digit-numbers/v/subtraction-by-breaking-apart?modal=1,Video
Math: Pre-K - 8th grade,3rd grade,Addition, subtraction, and estimation,Subtracting with regrouping within 1000,Worked example: Subtracting 3-digit numbers (regrouping) <!-- --> ,https://www.khanacademy.org/math/cc-third-grade-math/imp-addition-and-subtraction/imp-subtracting-with-regrouping-within-1000/v/basic-regrouping-or-borrowing-when-subtracting-three-digit-numbers?modal=1,Video
Math: Pre-K - 8th grade,3rd grade,Addition, subtraction, and estimation,Addition and subtraction missing value problems,Missing number for 3-digit addition within 1000<!-- --> ,https://www.khanacademy.org/math/cc-third-grade-math/imp-addition-and-subtraction/imp-addition-and-subtraction-missing-value-problems/v/missing-number-for-addition-and-subtraction-within-1000?modal=1,Video
Math: Pre-K - 8th grade,3rd grade,Addition, subtraction, and estimation,Addition and subtraction word problems,Three digit addition word problems<!-- --> ,https://www.khanacademy.org/math/cc-third-grade-math/imp-addition-and-subtraction/addition-and-subtraction-word-problems/v/three-digit-addition-word-problems?modal=1,Video
Math: Pre-K - 8th grade,3rd grade,Addition, subtraction, and estimation,Rounding to nearest 10 or 100,Rounding to the nearest 10 on the number line<!-- --> ,https://www.khanacademy.org/math/cc-third-grade-math/imp-addition-and-subtraction/imp-rounding/v/rounding-to-the-nearest-10-number-line?modal=1,Video
Math: Pre-K - 8th grade,3rd grade,Addition, subtraction, and estimation,Rounding to nearest 10 or 100,Round to nearest 10 or 100 on the number line,https://www.khanacademy.org/math/cc-third-grade-math/imp-addition-and-subtraction/imp-rounding/e/rounding-to-the-nearest-10-or-100-on-the-number-line?modal=1,Website
Math: Pre-K - 8th grade,3rd grade,Addition, subtraction, and estimation,Strategies for adding two and three-digit numbers,Breaking apart 3-digit addition problems<!-- --> ,https://www.khanacademy.org/math/cc-third-grade-math/imp-addition-and-subtraction/imp-strategies-for-adding-two-and-three-digit-numbers/v/breaking-apart-three-digit-addition-problems?modal=1,Video
Math: Pre-K - 8th grade,3rd grade,Addition, subtraction, and estimation,Adding with regrouping within 1000,Using place value to add 3-digit numbers: part 1<!-- --> ,https://www.khanacademy.org/math/cc-third-grade-math/imp-addition-and-subtraction/imp-adding-with-regrouping-within-1000/v/carrying-when-adding-three-digit-numbers?modal=1,Video
Math: Pre-K - 8th grade,3rd grade,Addition, subtraction, and estimation,Strategies for subtracting two and three-digit numbers,Subtraction by breaking apart<!-- --> ,https://www.khanacademy.org/math/cc-third-grade-math/imp-addition-and-subtraction/strategies-for-subtracting-two-and-three-digit-numbers/v/subtraction-by-breaking-apart?modal=1,Video
Math: Pre-K - 8th grade,3rd grade,Addition, subtraction, and estimation,Subtracting with regrouping within 1000,Worked example: Subtracting 3-digit numbers (regrouping) <!-- --> ,https://www.khanacademy.org/math/cc-third-grade-math/imp-addition-and-subtraction/imp-subtracting-with-regrouping-within-1000/v/basic-regrouping-or-borrowing-when-subtracting-three-digit-numbers?modal=1,Video
Math: Pre-K - 8th grade,3rd grade,Addition, subtraction, and estimation,Addition and subtraction missing value problems,Missing number for 3-digit addition within 1000<!-- --> ,https://www.khanacademy.org/math/cc-third-grade-math/imp-addition-and-subtraction/imp-addition-and-subtraction-missing-value-problems/v/missing-number-for-addition-and-subtraction-within-1000?modal=1,Video
Math: Pre-K - 8th grade,3rd grade,Addition, subtraction, and estimation,Addition and subtraction word problems,Three digit addition word problems<!-- --> ,https://www.khanacademy.org/math/cc-third-grade-math/imp-addition-and-subtraction/addition-and-subtraction-word-problems/v/three-digit-addition-word-problems?modal=1,Video
Math: Pre-K - 8th grade,3rd grade,Intro to division,Division intro,Division as equal groups<!-- --> ,https://www.khanacademy.org/math/cc-third-grade-math/intro-to-division/imp-division-intro/v/division-as-equal-groupings?modal=1,Video
Math: Pre-K - 8th grade,3rd grade,Intro to division,Division intro,Division with groups of objects,https://www.khanacademy.org/math/cc-third-grade-math/intro-to-division/imp-division-intro/e/meaning-of-division?modal=1,Website
Math: Pre-K - 8th grade,3rd grade,Intro to division,Relating multiplication and division,Relating division to multiplication<!-- --> ,https://www.khanacademy.org/math/cc-third-grade-math/intro-to-division/imp-relating-multiplication-and-division/v/examples-relating-multiplication-to-division?modal=1,Video
Math: Pre-K - 8th grade,3rd grade,Understand fractions,Fractions intro,Intro to fractions<!-- --> ,https://www.khanacademy.org/math/cc-third-grade-math/imp-fractions/imp-fractions-intro/v/fraction-basics?modal=1,Video
Math: Pre-K - 8th grade,3rd grade,Understand fractions,Fractions intro,Cut shapes into equal parts,https://www.khanacademy.org/math/cc-third-grade-math/imp-fractions/imp-fractions-intro/e/that-s-not-fair-?modal=1,Website
Math: Pre-K - 8th grade,3rd grade,Understand fractions,What fractions mean,Identifying numerators and denominators<!-- --> ,https://www.khanacademy.org/math/cc-third-grade-math/imp-fractions/imp-what-fractions-mean/v/numerator-and-denominator-of-a-fraction?modal=1,Video
Math: Pre-K - 8th grade,3rd grade,Understand fractions,Fractions on the number line,Relating number lines to fraction bars<!-- --> ,https://www.khanacademy.org/math/cc-third-grade-math/imp-fractions/imp-fractions-on-the-number-line/v/relating-number-lines-to-fraction-bars?modal=1,Video
Math: Pre-K - 8th grade,3rd grade,Understand fractions,Fractions and whole numbers,Representing 1 as a fraction<!-- --> ,https://www.khanacademy.org/math/cc-third-grade-math/imp-fractions/imp-fractions-and-whole-numbers/v/different-ways-to-represent-1-as-a-fraction?modal=1,Video
Math: Pre-K - 8th grade,3rd grade,Equivalent fractions and comparing fractions,Comparing fractions,Comparing fractions with &gt; and &lt; symbols<!-- --> ,https://www.khanacademy.org/math/cc-third-grade-math/equivalent-fractions-and-comparing-fractions/imp-comparing-fractions/v/comparing-fractions-with-greater-than-and-less-than-symbols?modal=1,Video
Math: Pre-K - 8th grade,3rd grade,Equivalent fractions and comparing fractions,Comparing fractions,Compare fractions with fraction models,https://www.khanacademy.org/math/cc-third-grade-math/equivalent-fractions-and-comparing-fractions/imp-comparing-fractions/e/comparing-fractions-with-the-same-numerator-or-denominator?modal=1,Website
Math: Pre-K - 8th grade,3rd grade,Equivalent fractions and comparing fractions,Comparing fractions of different wholes,Comparing fractions of different wholes 1<!-- --> ,https://www.khanacademy.org/math/cc-third-grade-math/equivalent-fractions-and-comparing-fractions/imp-comparing-fractions-of-different-wholes/v/comparing-fractions-of-different-wholes?modal=1,Video
Math: Pre-K - 8th grade,3rd grade,Equivalent fractions and comparing fractions,Equivalent fractions,Equivalent fractions with visuals<!-- --> ,https://www.khanacademy.org/math/cc-third-grade-math/equivalent-fractions-and-comparing-fractions/imp-equivalent-fractions/v/equivalent-fractions-with-visuals?modal=1,Video
Math: Pre-K - 8th grade,3rd grade,Equivalent fractions and comparing fractions,Comparing fractions,Comparing fractions with &gt; and &lt; symbols<!-- --> ,https://www.khanacademy.org/math/cc-third-grade-math/equivalent-fractions-and-comparing-fractions/imp-comparing-fractions/v/comparing-fractions-with-greater-than-and-less-than-symbols?modal=1,Video
Math: Pre-K - 8th grade,3rd grade,Equivalent fractions and comparing fractions,Comparing fractions,Compare fractions with fraction models,https://www.khanacademy.org/math/cc-third-grade-math/equivalent-fractions-and-comparing-fractions/imp-comparing-fractions/e/comparing-fractions-with-the-same-numerator-or-denominator?modal=1,Website
Math: Pre-K - 8th grade,3rd grade,Equivalent fractions and comparing fractions,Comparing fractions of different wholes,Comparing fractions of different wholes 1<!-- --> ,https://www.khanacademy.org/math/cc-third-grade-math/equivalent-fractions-and-comparing-fractions/imp-comparing-fractions-of-different-wholes/v/comparing-fractions-of-different-wholes?modal=1,Video
Math: Pre-K - 8th grade,3rd grade,Equivalent fractions and comparing fractions,Equivalent fractions,Equivalent fractions with visuals<!-- --> ,https://www.khanacademy.org/math/cc-third-grade-math/equivalent-fractions-and-comparing-fractions/imp-equivalent-fractions/v/equivalent-fractions-with-visuals?modal=1,Video
Math: Pre-K - 8th grade,3rd grade,More with multiplication and division,Letters and symbols in multiplication and division equations,Find missing factors (1-digit multiplication),https://www.khanacademy.org/math/cc-third-grade-math/imp-multiplication-and-division/imp-more-with-1-digit-multiplication-and-division/e/finding-missing-factors--1-digit-multiplication-?modal=1,Website
Math: Pre-K - 8th grade,3rd grade,More with multiplication and division,Multiplication and division word problems,Multiplication word problem: soda party<!-- --> ,https://www.khanacademy.org/math/cc-third-grade-math/imp-multiplication-and-division/multiplication-and-division-word-problems/v/liters-of-soda-for-the-party?modal=1,Video
Math: Pre-K - 8th grade,3rd grade,More with multiplication and division,Associative property of multiplication,Associative property of multiplication<!-- --> ,https://www.khanacademy.org/math/cc-third-grade-math/imp-multiplication-and-division/associative-property-of-multiplication/v/associate-property-of-multiplication?modal=1,Video
Math: Pre-K - 8th grade,3rd grade,More with multiplication and division,Multiplying by tens,Multiplying by multiples of 10<!-- --> ,https://www.khanacademy.org/math/cc-third-grade-math/imp-multiplication-and-division/imp-multiplying-by-tens/v/multiplying-by-multiples-of-10?modal=1,Video
Math: Pre-K - 8th grade,3rd grade,More with multiplication and division,Letters and symbols in multiplication and division equations,Find missing factors (1-digit multiplication),https://www.khanacademy.org/math/cc-third-grade-math/imp-multiplication-and-division/imp-more-with-1-digit-multiplication-and-division/e/finding-missing-factors--1-digit-multiplication-?modal=1,Website
Math: Pre-K - 8th grade,3rd grade,More with multiplication and division,Multiplication and division word problems,Multiplication word problem: soda party<!-- --> ,https://www.khanacademy.org/math/cc-third-grade-math/imp-multiplication-and-division/multiplication-and-division-word-problems/v/liters-of-soda-for-the-party?modal=1,Video
Math: Pre-K - 8th grade,3rd grade,More with multiplication and division,Associative property of multiplication,Associative property of multiplication<!-- --> ,https://www.khanacademy.org/math/cc-third-grade-math/imp-multiplication-and-division/associative-property-of-multiplication/v/associate-property-of-multiplication?modal=1,Video
Math: Pre-K - 8th grade,3rd grade,More with multiplication and division,Multiplying by tens,Multiplying by multiples of 10<!-- --> ,https://www.khanacademy.org/math/cc-third-grade-math/imp-multiplication-and-division/imp-multiplying-by-tens/v/multiplying-by-multiples-of-10?modal=1,Video
Math: Pre-K - 8th grade,3rd grade,Arithmetic patterns and problem solving,2-step expressions,2-step expressions,https://www.khanacademy.org/math/cc-third-grade-math/arithmetic-patterns-and-problem-solving/2-step-expressions/e/order-of-operations-3rd?modal=1,Website
Math: Pre-K - 8th grade,3rd grade,Arithmetic patterns and problem solving,One and two-step word problems,Setting up 2-step word problems<!-- --> ,https://www.khanacademy.org/math/cc-third-grade-math/arithmetic-patterns-and-problem-solving/imp-one-and-two-step-word-problems/v/setting-up-2-step-expressions?modal=1,Video
Math: Pre-K - 8th grade,3rd grade,Arithmetic patterns and problem solving,Patterns in arithmetic,Finding patterns in numbers<!-- --> ,https://www.khanacademy.org/math/cc-third-grade-math/arithmetic-patterns-and-problem-solving/imp-patterns-in-arithmetic/v/practice-finding-patterns-in-numbers?modal=1,Video
Math: Pre-K - 8th grade,3rd grade,Arithmetic patterns and problem solving,2-step expressions,2-step expressions,https://www.khanacademy.org/math/cc-third-grade-math/arithmetic-patterns-and-problem-solving/2-step-expressions/e/order-of-operations-3rd?modal=1,Website
Math: Pre-K - 8th grade,3rd grade,Arithmetic patterns and problem solving,One and two-step word problems,Setting up 2-step word problems<!-- --> ,https://www.khanacademy.org/math/cc-third-grade-math/arithmetic-patterns-and-problem-solving/imp-one-and-two-step-word-problems/v/setting-up-2-step-expressions?modal=1,Video
Math: Pre-K - 8th grade,3rd grade,Arithmetic patterns and problem solving,Patterns in arithmetic,Finding patterns in numbers<!-- --> ,https://www.khanacademy.org/math/cc-third-grade-math/arithmetic-patterns-and-problem-solving/imp-patterns-in-arithmetic/v/practice-finding-patterns-in-numbers?modal=1,Video
Math: Pre-K - 8th grade,3rd grade,Quadrilaterals,Quadrilaterals ,Intro to quadrilaterals<!-- --> ,https://www.khanacademy.org/math/cc-third-grade-math/quadrilaterals-3rd/imp-quadrilaterals/v/introduction-to-types-of-quadrilaterals?modal=1,Video
Math: Pre-K - 8th grade,3rd grade,Quadrilaterals,Quadrilaterals ,Identify quadrilaterals,https://www.khanacademy.org/math/cc-third-grade-math/quadrilaterals-3rd/imp-quadrilaterals/e/identify-quadrilaterals?modal=1,Website
Math: Pre-K - 8th grade,3rd grade,Quadrilaterals,Quadrilaterals ,Intro to quadrilaterals<!-- --> ,https://www.khanacademy.org/math/cc-third-grade-math/quadrilaterals-3rd/imp-quadrilaterals/v/introduction-to-types-of-quadrilaterals?modal=1,Video
Math: Pre-K - 8th grade,3rd grade,Quadrilaterals,Quadrilaterals ,Identify quadrilaterals,https://www.khanacademy.org/math/cc-third-grade-math/quadrilaterals-3rd/imp-quadrilaterals/e/identify-quadrilaterals?modal=1,Website
Math: Pre-K - 8th grade,3rd grade,Area,Area introduction,Understand area,https://www.khanacademy.org/math/cc-third-grade-math/imp-geometry/imp-area-introduction/e/understand-area?modal=1,Website
Math: Pre-K - 8th grade,3rd grade,Area,Count unit squares to find area,Intro to area and unit squares<!-- --> ,https://www.khanacademy.org/math/cc-third-grade-math/imp-geometry/imp-count-unit-squares-to-find-area/v/introduction-to-area-and-unit-squares?modal=1,Video
Math: Pre-K - 8th grade,3rd grade,Area,Area formula intuition,Counting unit squares to find area formula<!-- --> ,https://www.khanacademy.org/math/cc-third-grade-math/imp-geometry/imp-area-formula-intuition/v/rectangle-area-as-product-of-dimensions-same-as-counting-unit-squares?modal=1,Video
Math: Pre-K - 8th grade,3rd grade,Area,Multiply to find area,Counting unit squares to find area formula<!-- --> ,https://www.khanacademy.org/math/cc-third-grade-math/imp-geometry/imp-multiply-to-find-area/v/rectangle-area-as-product-of-dimensions-same-as-counting-unit-squares?modal=1,Video
Math: Pre-K - 8th grade,3rd grade,Area,Decompose figures to find area,Decomposing shapes to find area: grids <!-- --> ,https://www.khanacademy.org/math/cc-third-grade-math/imp-geometry/imp-decompose-figures-to-find-area/v/decomposing-shapes-to-find-area-grids-math-3rd-grade-khan-academy?modal=1,Video
Math: Pre-K - 8th grade,3rd grade,Area,Area introduction,Understand area,https://www.khanacademy.org/math/cc-third-grade-math/imp-geometry/imp-area-introduction/e/understand-area?modal=1,Website
Math: Pre-K - 8th grade,3rd grade,Area,Count unit squares to find area,Intro to area and unit squares<!-- --> ,https://www.khanacademy.org/math/cc-third-grade-math/imp-geometry/imp-count-unit-squares-to-find-area/v/introduction-to-area-and-unit-squares?modal=1,Video
Math: Pre-K - 8th grade,3rd grade,Area,Area formula intuition,Counting unit squares to find area formula<!-- --> ,https://www.khanacademy.org/math/cc-third-grade-math/imp-geometry/imp-area-formula-intuition/v/rectangle-area-as-product-of-dimensions-same-as-counting-unit-squares?modal=1,Video
Math: Pre-K - 8th grade,3rd grade,Area,Multiply to find area,Counting unit squares to find area formula<!-- --> ,https://www.khanacademy.org/math/cc-third-grade-math/imp-geometry/imp-multiply-to-find-area/v/rectangle-area-as-product-of-dimensions-same-as-counting-unit-squares?modal=1,Video
Math: Pre-K - 8th grade,3rd grade,Area,Decompose figures to find area,Decomposing shapes to find area: grids <!-- --> ,https://www.khanacademy.org/math/cc-third-grade-math/imp-geometry/imp-decompose-figures-to-find-area/v/decomposing-shapes-to-find-area-grids-math-3rd-grade-khan-academy?modal=1,Video
Math: Pre-K - 8th grade,3rd grade,Perimeter,Perimeter,Perimeter: introduction<!-- --> ,https://www.khanacademy.org/math/cc-third-grade-math/3rd-perimeter/imp-perimeter/v/introduction-to-perimeter?modal=1,Video
Math: Pre-K - 8th grade,3rd grade,Perimeter,Perimeter,Find perimeter by counting units,https://www.khanacademy.org/math/cc-third-grade-math/3rd-perimeter/imp-perimeter/e/perimeter_1?modal=1,Website
Math: Pre-K - 8th grade,3rd grade,Perimeter,Perimeter word problems,Perimeter word problem: tables<!-- --> ,https://www.khanacademy.org/math/cc-third-grade-math/3rd-perimeter/imp-perimeter-word-problems/v/perimeter-word-problem-tables-math-3rd-grade-khan-academy?modal=1,Video
Math: Pre-K - 8th grade,3rd grade,Perimeter,Perimeter,Perimeter: introduction<!-- --> ,https://www.khanacademy.org/math/cc-third-grade-math/3rd-perimeter/imp-perimeter/v/introduction-to-perimeter?modal=1,Video
Math: Pre-K - 8th grade,3rd grade,Perimeter,Perimeter,Find perimeter by counting units,https://www.khanacademy.org/math/cc-third-grade-math/3rd-perimeter/imp-perimeter/e/perimeter_1?modal=1,Website
Math: Pre-K - 8th grade,3rd grade,Perimeter,Perimeter word problems,Perimeter word problem: tables<!-- --> ,https://www.khanacademy.org/math/cc-third-grade-math/3rd-perimeter/imp-perimeter-word-problems/v/perimeter-word-problem-tables-math-3rd-grade-khan-academy?modal=1,Video
Math: Pre-K - 8th grade,3rd grade,Time,Time on number line,Tell time on the number line,https://www.khanacademy.org/math/cc-third-grade-math/time/tell-time-on-number-line/e/telling-time-on-the-number-line?modal=1,Websi